total_SOV_miles,total_HOV_miles
4372918.539276971,11222290.916151963
4767784.11957697,799913.8746318367
3136985.8706053416,5252559.610150745
