total_bike_miles_HBO,total_bike_miles_HBW,total_bike_miles_NHB
159056.78041930232,43797.30634918663,96239.02842158898
