total_walk_miles_HBO,total_walk_miles_HBW,total_walk_miles_NHB
74207.2818671008,2832.409559198181,135169.55211453143
